{
  "8.0_15.0": {
    "sf_mme": 1.0260754813065143, 
    "sferr_eee": 0.030739101468080194, 
    "sf_eee": 0.9843988038180415, 
    "sferr_lle": 0.01780984830962725, 
    "sf_lle": 1.0134604636345619, 
    "sferr_mme": 0.021801963300269116
  }, 
  "37.0_50.0": {
    "sf_mme": 0.9267698149077478, 
    "sferr_eee": 0.07749621185058592, 
    "sf_eee": 1.0098296139349703, 
    "sferr_lle": 0.037995060805444396, 
    "sf_lle": 0.9470243332171603, 
    "sferr_mme": 0.043512348951365805
  }, 
  "0.0_8.0": {
    "sf_mme": 1.0415019580944733, 
    "sferr_eee": 0.035644272672755925, 
    "sf_eee": 1.1019269203152389, 
    "sferr_lle": 0.02030767424696905, 
    "sf_lle": 1.0607294933012434, 
    "sferr_mme": 0.024662908159144528
  }, 
  "30.0_37.0": {
    "sf_mme": 0.9202881748100533, 
    "sferr_eee": 0.08563218685141796, 
    "sf_eee": 1.1070632896111081, 
    "sferr_lle": 0.03750242535850288, 
    "sf_lle": 0.963141539969837, 
    "sferr_mme": 0.04145445404678691
  }, 
  "15.0_20.0": {
    "sf_mme": 0.9997120767541853, 
    "sferr_eee": 0.047898656332831746, 
    "sf_eee": 0.969592877804873, 
    "sferr_lle": 0.026771171182011368, 
    "sf_lle": 0.9912575272077778, 
    "sferr_mme": 0.03221182053886376
  }, 
  "20.0_25.0": {
    "sf_mme": 1.0356284707099999, 
    "sferr_eee": 0.04683044264948251, 
    "sf_eee": 0.9259938320170641, 
    "sferr_lle": 0.027424850894113735, 
    "sf_lle": 1.00293273166309, 
    "sferr_mme": 0.03368316283351419
  }, 
  "25.0_30.0": {
    "sf_mme": 0.9088683557460044, 
    "sferr_eee": 0.056247916425863596, 
    "sf_eee": 0.897477180362223, 
    "sferr_lle": 0.03004745318195071, 
    "sf_lle": 0.9057340271586173, 
    "sferr_mme": 0.03553567674889831
  }, 
  "50.0_80.0": {
    "sf_mme": 0.9474855905401218, 
    "sferr_eee": 0.08233779509637532, 
    "sf_eee": 0.9760912419279156, 
    "sferr_lle": 0.037888835971163264, 
    "sf_lle": 0.9541452671633006, 
    "sferr_mme": 0.04262659369497104
  }
}