{
  "8.0_15.0": {
    "sf_mme": 1.0382696630929062, 
    "sferr_eee": 0.030068871792145586, 
    "sf_eee": 0.9883079271977386, 
    "sferr_lle": 0.017239001103224724, 
    "sf_lle": 1.023513964262036, 
    "sferr_mme": 0.020993182195755182
  }, 
  "37.0_50.0": {
    "sf_mme": 0.9488615387816803, 
    "sferr_eee": 0.06963468872062503, 
    "sf_eee": 1.1017852095214717, 
    "sferr_lle": 0.032789923779048026, 
    "sf_lle": 0.9869513186812975, 
    "sferr_mme": 0.037010583285280646
  }, 
  "0.0_8.0": {
    "sf_mme": 1.0308776872123488, 
    "sferr_eee": 0.040662030108514303, 
    "sf_eee": 1.1754261944251259, 
    "sferr_lle": 0.021272591318571687, 
    "sf_lle": 1.0742737971023733, 
    "sferr_mme": 0.024856855288030024
  }, 
  "30.0_37.0": {
    "sf_mme": 0.9702356663463624, 
    "sferr_eee": 0.06916358484790935, 
    "sf_eee": 1.0637028479822497, 
    "sferr_lle": 0.03321217013488369, 
    "sf_lle": 0.993386613391353, 
    "sferr_mme": 0.037801322638011725
  }, 
  "15.0_20.0": {
    "sf_mme": 1.0034112867824494, 
    "sferr_eee": 0.044316106629259486, 
    "sf_eee": 0.9669646832126084, 
    "sferr_lle": 0.024411742499631066, 
    "sf_lle": 0.993350419131681, 
    "sferr_mme": 0.029203573485901326
  }, 
  "20.0_25.0": {
    "sf_mme": 1.0155647223994502, 
    "sferr_eee": 0.0431018671187455, 
    "sf_eee": 0.9250016649602193, 
    "sferr_lle": 0.025267550222422722, 
    "sf_lle": 0.9882269104731691, 
    "sferr_mme": 0.03107654318555938
  }, 
  "25.0_30.0": {
    "sf_mme": 0.9344507587134933, 
    "sferr_eee": 0.05673447938403616, 
    "sf_eee": 0.9836537513450108, 
    "sferr_lle": 0.02934498794382713, 
    "sf_lle": 0.9477999967744967, 
    "sferr_mme": 0.034264193225277316
  }, 
  "50.0_80.0": {
    "sf_mme": 1.0082055189195156, 
    "sferr_eee": 0.06763902450941313, 
    "sf_eee": 0.9785778746585053, 
    "sferr_lle": 0.033807351966504987, 
    "sf_lle": 1.000784791308594, 
    "sferr_mme": 0.03902029363805564
  }
}