{
  "8.0_15.0": {
    "sf_mme": 1.0462856601868633, 
    "sferr_eee": 0.029238886932026243, 
    "sf_eee": 0.9947406724807822, 
    "sferr_lle": 0.01666061934174326, 
    "sf_lle": 1.0310895051232707, 
    "sferr_mme": 0.020237016562118182
  }, 
  "37.0_50.0": {
    "sf_mme": 1.0708983552032745, 
    "sferr_eee": 0.07216927646483523, 
    "sf_eee": 0.9050265613731949, 
    "sferr_lle": 0.04027599969312408, 
    "sf_lle": 1.025504722102844, 
    "sferr_mme": 0.0481996649160501
  }, 
  "0.0_8.0": {
    "sf_mme": 1.2134267733827953, 
    "sferr_eee": 0.03511226645039695, 
    "sf_eee": 1.1877344324911367, 
    "sferr_lle": 0.021489203795746085, 
    "sf_lle": 1.205050584057871, 
    "sferr_mme": 0.027013001043399893
  }, 
  "30.0_37.0": {
    "sf_mme": 0.932958064341185, 
    "sferr_eee": 0.06575989770995937, 
    "sf_eee": 1.0166337059224917, 
    "sferr_lle": 0.034085381130422206, 
    "sf_lle": 0.9545207950064734, 
    "sferr_mme": 0.03970253658549696
  }, 
  "15.0_20.0": {
    "sf_mme": 0.9673918288890683, 
    "sferr_eee": 0.041203936759417185, 
    "sf_eee": 0.9324711859502293, 
    "sferr_lle": 0.02314016132591929, 
    "sf_lle": 0.9574796425057516, 
    "sferr_mme": 0.027907276518687844
  }, 
  "20.0_25.0": {
    "sf_mme": 0.9210762911402244, 
    "sferr_eee": 0.03909897144826473, 
    "sf_eee": 0.8814980942578322, 
    "sferr_lle": 0.021923012574915125, 
    "sf_lle": 0.9094556711402486, 
    "sferr_mme": 0.026452479188154212
  }, 
  "25.0_30.0": {
    "sf_mme": 0.8921133558977076, 
    "sferr_eee": 0.05958504728038903, 
    "sf_eee": 0.9116940637804443, 
    "sferr_lle": 0.0295776903262257, 
    "sf_lle": 0.8976511707967842, 
    "sferr_mme": 0.033931343331308
  }, 
  "50.0_80.0": {
    "sf_mme": 1.0000032397190846, 
    "sferr_eee": 0.08428863048349841, 
    "sf_eee": 1.1167575791779996, 
    "sferr_lle": 0.0376270502818888, 
    "sf_lle": 1.0257427853894625, 
    "sferr_mme": 0.041958421733985694
  }
}