{
  "8.0_15.0": {
    "sf_mme": 0.9313737304567946, 
    "sferr_eee": 0.0333889985427839, 
    "sf_eee": 0.9925451600209745, 
    "sferr_lle": 0.01634780978800609, 
    "sf_lle": 0.9469306892532291, 
    "sferr_mme": 0.018733564267787967
  }, 
  "37.0_50.0": {
    "sf_mme": 1.0565824360813576, 
    "sferr_eee": 0.07173000536514217, 
    "sf_eee": 0.8909617677760867, 
    "sferr_lle": 0.03624496216663242, 
    "sf_lle": 1.0210654894942537, 
    "sferr_mme": 0.04178805451379172
  }, 
  "0.0_8.0": {
    "sf_mme": 1.0300407706207937, 
    "sferr_eee": 0.02813024565120118, 
    "sf_eee": 0.9634675683167456, 
    "sferr_lle": 0.016690420146998945, 
    "sf_lle": 1.009292057341389, 
    "sferr_mme": 0.020668176881530533
  }, 
  "30.0_37.0": {
    "sf_mme": 0.9022371990843283, 
    "sferr_eee": 0.06595426142864677, 
    "sf_eee": 0.9338717573448375, 
    "sferr_lle": 0.03181326300940332, 
    "sf_lle": 0.9094606717399919, 
    "sferr_mme": 0.03629643381668151
  }, 
  "15.0_20.0": {
    "sf_mme": 0.8654526792294372, 
    "sferr_eee": 0.04019670867581572, 
    "sf_eee": 0.7974501441711381, 
    "sferr_lle": 0.021459840193815815, 
    "sf_lle": 0.8485466150263424, 
    "sferr_mme": 0.025312023588290416
  }, 
  "20.0_25.0": {
    "sf_mme": 0.918547197156259, 
    "sferr_eee": 0.04403456028204574, 
    "sf_eee": 0.906185528511254, 
    "sferr_lle": 0.02297352471902336, 
    "sf_lle": 0.9153978533399558, 
    "sferr_mme": 0.02690815295137743
  }, 
  "25.0_30.0": {
    "sf_mme": 0.887390434903071, 
    "sferr_eee": 0.06195214942647887, 
    "sf_eee": 1.0010692946318742, 
    "sferr_lle": 0.027851412920157182, 
    "sf_lle": 0.914080570873706, 
    "sferr_mme": 0.031085559737812903
  }, 
  "50.0_80.0": {
    "sf_mme": 1.0273303551836932, 
    "sferr_eee": 0.09690178189934251, 
    "sf_eee": 1.0841606942810065, 
    "sferr_lle": 0.03966073717534791, 
    "sf_lle": 1.036736117146407, 
    "sferr_mme": 0.04343697494984419
  }
}