{
  "8.0_15.0": {
    "sf_mme": 1.0395236579258023, 
    "sferr_eee": 0.027461527532017794, 
    "sf_eee": 0.9324851789608039, 
    "sferr_lle": 0.016114004211115394, 
    "sf_lle": 1.0086006016004891, 
    "sferr_mme": 0.01977805666440382
  }, 
  "37.0_50.0": {
    "sf_mme": 1.0199660862050999, 
    "sferr_eee": 0.058243862523950224, 
    "sf_eee": 0.9511650414005979, 
    "sferr_lle": 0.03184697706141836, 
    "sf_lle": 1.0014821665165454, 
    "sferr_mme": 0.03796144617071354
  }, 
  "0.0_8.0": {
    "sf_mme": 1.1543413957751811, 
    "sferr_eee": 0.03586249651910105, 
    "sf_eee": 1.0726614811708874, 
    "sferr_lle": 0.021720327444712355, 
    "sf_lle": 1.1282362469425087, 
    "sferr_mme": 0.027173988071260213
  }, 
  "30.0_37.0": {
    "sf_mme": 0.9473155552652158, 
    "sferr_eee": 0.05537713699614832, 
    "sf_eee": 0.952077441061993, 
    "sferr_lle": 0.029287996973417024, 
    "sf_lle": 0.9485665320329809, 
    "sferr_mme": 0.034472649579049774
  }, 
  "15.0_20.0": {
    "sf_mme": 0.9423568753101014, 
    "sferr_eee": 0.038525777985899665, 
    "sf_eee": 0.8843583391085069, 
    "sferr_lle": 0.021426115122207854, 
    "sf_lle": 0.9261018663504383, 
    "sferr_mme": 0.025735260713768485
  }, 
  "20.0_25.0": {
    "sf_mme": 0.905335220726877, 
    "sferr_eee": 0.03660871340825428, 
    "sf_eee": 0.8403352734397883, 
    "sferr_lle": 0.021062136378811793, 
    "sf_lle": 0.886222945773222, 
    "sferr_mme": 0.02567902942524249
  }, 
  "25.0_30.0": {
    "sf_mme": 0.8907977349142592, 
    "sferr_eee": 0.04719328717060735, 
    "sf_eee": 0.8486601050315371, 
    "sferr_lle": 0.025947148780987386, 
    "sf_lle": 0.8785767364785764, 
    "sferr_mme": 0.03104519921637445
  }, 
  "50.0_80.0": {
    "sf_mme": 0.9681401615155316, 
    "sferr_eee": 0.06181735878342012, 
    "sf_eee": 0.9441203840274646, 
    "sferr_lle": 0.0313326557459721, 
    "sf_lle": 0.9624457426988672, 
    "sferr_mme": 0.03631450105262554
  }
}