{
  "8.0_15.0": {
    "sf_mme": 0.9625781125461274, 
    "sferr_eee": 0.033792611607488456, 
    "sf_eee": 1.0371351516375353, 
    "sferr_lle": 0.01636457706799455, 
    "sf_lle": 0.9814650058047969, 
    "sferr_mme": 0.018682846821947825
  }, 
  "37.0_50.0": {
    "sf_mme": 0.9773015783921309, 
    "sferr_eee": 0.07355956234464019, 
    "sf_eee": 0.8844452437178413, 
    "sferr_lle": 0.03301212692085773, 
    "sf_lle": 0.9562452814692377, 
    "sferr_mme": 0.03656978164667214
  }, 
  "0.0_8.0": {
    "sf_mme": 1.0356935185018552, 
    "sferr_eee": 0.03381720218197726, 
    "sf_eee": 1.0245050022461946, 
    "sferr_lle": 0.018773245420718315, 
    "sf_lle": 1.0323487693791427, 
    "sferr_mme": 0.022566317277246027
  }, 
  "30.0_37.0": {
    "sf_mme": 0.8811166609735402, 
    "sferr_eee": 0.06539718515962128, 
    "sf_eee": 0.9365101525282159, 
    "sferr_lle": 0.030680170080515212, 
    "sf_lle": 0.8933859683826213, 
    "sferr_mme": 0.03470942453951284
  }, 
  "15.0_20.0": {
    "sf_mme": 0.8983978248432621, 
    "sferr_eee": 0.04387222153790637, 
    "sf_eee": 0.8389366351056453, 
    "sferr_lle": 0.022635338377897756, 
    "sf_lle": 0.8840838376076481, 
    "sferr_mme": 0.02638733023786689
  }, 
  "20.0_25.0": {
    "sf_mme": 0.904438050361513, 
    "sferr_eee": 0.049040175995437085, 
    "sf_eee": 0.917749777331336, 
    "sferr_lle": 0.02404684492980734, 
    "sf_lle": 0.9077333494371951, 
    "sferr_mme": 0.02758865070036692
  }, 
  "25.0_30.0": {
    "sf_mme": 0.8768334548452863, 
    "sferr_eee": 0.06575799386400452, 
    "sf_eee": 1.0058372540596372, 
    "sferr_lle": 0.02910386487287505, 
    "sf_lle": 0.9067280452056671, 
    "sferr_mme": 0.0323337112132354
  }, 
  "50.0_80.0": {
    "sf_mme": 1.037124694023824, 
    "sferr_eee": 0.0940563238477162, 
    "sf_eee": 1.1176837150843324, 
    "sferr_lle": 0.03794780145734738, 
    "sf_lle": 1.0519186230571678, 
    "sferr_mme": 0.041423970652846885
  }
}